{
  "group1": {
    "name": "Pure Proximity Router",
    "invested": 5200,
    "value": 4599.151592321217,
    "xirr": -11.864428946539505
  },
  "group2": {
    "name": "Guppy Trend Filtered Router",
    "invested": 5200,
    "value": 5385.4141373990815,
    "xirr": 3.5694222918333915
  }
}