{
  "group1": {
    "name": "Pure Proximity Router",
    "invested": 5200,
    "value": 4638.684484635332,
    "xirr": -11.039288623514391
  },
  "group2": {
    "name": "Guppy Trend Filtered Router",
    "invested": 5200,
    "value": 5418.962925321491,
    "xirr": 4.199219473941858
  }
}